Rank,Model,Total Score,Parameters (M) ↓,Training Time (s) ↓,Inference Time (s) ↓,MAE ↓,RMSE ↓,MAPE (%) ↓,R² ↑,Rel-L2 ↓,MaxAE ↓,MAC ↑,Sign Agree ↑,Extremal Agree ↑
1,geotransolver,100.0,29.4925,0.0,0.1014,1.1471,2.4178,41.1477,0.8038,0.4429,23.6127,,0.8807,0.8038
2,transolver,52.6669,3.778,647.0901,0.0248,2.8415,3.8456,91.3029,0.5037,0.7045,21.3467,,0.7728,0.4455
3,linearno,44.015,3.3262,859.1387,0.0624,2.8437,4.0117,88.5423,0.4599,0.7349,23.5816,,0.7732,0.3641
4,transolver_pp,42.5803,1.7405,623.3868,0.0304,3.3536,4.3002,106.9782,0.3795,0.7877,20.0369,,0.7329,0.3228
5,geofno,41.9759,1.5461,347.8199,0.0177,4.2007,4.9314,134.6335,0.1839,0.9034,17.7812,,0.6448,0.1505
6,linearno_big,39.953,11.0458,1053.594,0.0795,3.187,4.2541,99.1696,0.3927,0.7793,20.0078,,0.7434,0.3155
7,domino,39.7027,24.3143,0.0,1.1484,1.6097,2.7721,56.089,0.7421,0.5078,65.8464,,0.8556,0.6869
8,pointnet,38.5129,3.6682,104.201,0.0229,4.9688,5.4589,198.5771,0.0,1.0,15.7954,,0.5007,0.0919
9,regdgcnn,38.3333,1.4422,1576.0512,0.0462,4.3611,5.0808,138.5648,0.1337,0.9307,18.5249,,0.6351,0.1151
